{"standard_scaler": {"mean_": [10.698481561822126, 0.7761388286334056, 173.15401301518438, 72.35249457700651, 23.239696312364426, 22.97483731019523, 22.82776572668113, 23.440997830802605, 23.197180043383952, 23.536659436008676, 0.15223427331887204, 0.11939262472885034, 0.1008893709327549, 36.710845986984815, 647.2158351409978, 37.52672451193059, 63.53524945770065, 0.13449023861171366, 0.11279826464208242, 0.11496746203904555, 0.13449023861171366, 23.01874254760808, 22.91401734606863, 23.088248340159517], "var_": [13.12166797634116, 0.0031061325704283336, 77.86565092390869, 322.7331228443307, 5.66759990777382, 5.410559897610119, 5.719923207588897, 5.2974298069367265, 5.317757774525811, 10.10418753911378, 0.009593923424038095, 0.007606138687470886, 0.0010831569586064434, 65.18586934938193, 318130.7153457777, 1216.634511830831, 3.331593701328339, 0.11640261432987799, 0.10007481613581716, 0.10174994471134619, 0.11640261432987799, 4.842782498921092, 4.65230932970003, 7.257715828714007], "scale_": [3.6223842944035023, 0.055732688526827175, 8.824151569635955, 17.96477450023603, 2.380672154618065, 2.326061026200757, 2.3916360943063424, 2.301614608690327, 2.30602640369225, 3.178708470293207, 0.09794857540586334, 0.08721317955143526, 0.0329113499967176, 8.073776647231576, 564.0307751761226, 34.88028829913581, 1.8252653783295019, 0.3411782735314164, 0.3163460385966879, 0.3189826714907037, 0.3411782735314164, 2.2006322952554096, 2.1569212618220512, 2.6940148159789334]}, "lda": {"solver": "lsqr", "shrinkage": "auto", "priors": null, "n_components": null, "store_covariance": false, "tol": 0.0001, "classes_": [1.0, 2.0], "priors_": [0.5206073752711496, 0.4793926247288503], "_max_components": 1, "means_": [[-0.021435668382495297, 0.04759931923944704, 0.028820937190616742, -0.04061158186707317, 0.04563291957616728, 0.07136357183595951, 0.0713183778494841, 0.044100419250967755, 0.06012649713263452, 0.0738005910839894, -0.018556744135112303, 0.024163495494471426, -0.027023228547100174, 0.04789010520222443, -0.14816198362267813, 0.12189622550151709, 0.12107858118779995, 0.033246826077789414, 0.012228387754576462, 0.03145167075712651, 0.10652230092334108, 0.05839007108075379, 0.06681398288483766, 0.07519730429924949, 1.975, 1.9916666666666667, 1.9916666666666667], [0.023278553899542365, -0.05169156840482668, -0.031298755320124966, 0.04410307533075774, -0.04955611175692473, -0.07749890154131563, -0.07744982209898829, -0.047891858010102185, -0.06529574349245731, -0.08014543828125559, 0.02015212032772331, -0.02624090008449453, 0.029346492539835792, -0.05200735406576401, 0.16089989171693572, -0.1323759914948622, -0.13148805196865335, -0.03610515049171843, -0.01327969710904046, -0.03415566055072694, -0.11568032679458033, -0.06341003194289993, -0.07255817145864846, -0.08166223091321365, 1.9864253393665159, 2.0, 2.0]], "covariance_": [[0.9981233665437463, 0.1272666434435274, 0.049382276965108315, 0.08759459858945193, 0.28573638226135023, 0.23982436807885646, 0.24326994237163546, 0.33803703701814525, 0.2881509874479249, 0.2935431711451365, 0.37132663578420955, 0.28664033349334045, 0.40345067899480447, -0.2585923402006113, 0.4999414909008296, -0.5205222111349339, -0.12335242995925794, -0.2087746879085121, -0.2028482102848035, -0.20790759992951877, -0.20573598426578454, 0.24617014633204892, 0.24437088581891636, 0.25943388687190166, -0.007117944532155956, 0.001780832392787178, 0.001780832392787176], [0.1272666434435274, 0.9962060752398325, -0.16632282111702226, -0.11648892581541483, -0.03175986929392792, -0.040184471945532325, -0.043732285939500244, -0.018334636355280147, -0.029432858486437147, -0.007586504535205221, 0.06601248785754857, 0.045582567493361134, 0.09278939774890452, -0.016883203111834232, 0.10163574514143771, -0.1217360490592233, -0.037893762808322726, -0.05624513013800868, -0.040695663249967026, -0.04342937535548066, -0.06011120203493764, -0.04246759390068961, -0.04192606312702296, -0.030950143901873034, 0.005511986094205196, 0.0013419443795344298, 0.0013419443795344404], [0.04938227696510834, -0.16632282111702226, 0.9974990330202355, 0.5008859882382074, 0.07541218651580277, 0.08449680875467093, 0.08338595409909297, 0.06916128917647534, 0.07636118927269957, 0.04068897724120882, -0.03184101352511107, -0.05519515268196338, -0.03726176692716271, -0.018888504329313868, -0.0807758454780713, 0.08290518862883758, 0.0227456665226464, 0.0481898208126712, 0.01552370282537269, 0.01878822797411832, 0.04547971640179474, 0.08374678938588408, 0.092835190624306, 0.06266280473479101, 0.002207258905687527, -0.000717890772812228, -0.0007178907728122277], [0.08759459858945191, -0.11648892581541483, 0.5008859882382074, 0.9958245586782383, 0.019422816088196748, 0.01582931377616585, -0.010091147696561657, -0.009565160520833615, -0.007323188677008593, -0.02167591395535639, 0.06680062750516938, 0.015127509482444686, 0.07118538259457136, -0.10905586500930267, 0.027520766873005788, -0.0271049936731255, 0.000647803018003372, -0.010444859759010347, -0.013287951143639478, -0.013937671201237203, -0.008432721165296135, -0.008747515518933806, 0.0015038145768617554, -0.02222262288869335, -0.0017716561900428043, -0.0003050827562049341, -0.00030508275620493404], [0.28573638226135023, -0.031759869293927906, 0.07541218651580277, 0.019422816088196754, 0.9964164501043762, 0.9085289637766962, 0.8565318416948957, 0.9019563760281666, 0.9110822998163783, 0.8290328178016528, 0.4600537334267052, 0.5020229348614597, 0.2241813578397509, -0.24455221139872357, 0.13984585160928448, -0.21760209224248442, 0.5008872656459854, -0.06824153013332522, -0.09012996008193465, -0.09088354405754535, -0.07262395453142477, 0.9126414865671867, 0.8942757187852547, 0.8581942724623918, -0.058222034868195854, -0.017807263461917605, -0.01780726346191759], [0.23982436807885646, -0.040184471945532325, 0.08449680875467094, 0.01582931377616585, 0.9085289637766962, 0.9931379876085062, 0.8905533667948975, 0.8941574181601943, 0.9192550240057604, 0.8437824753237526, 0.4157173970624276, 0.45455104707869554, 0.17106123466941311, -0.20148825492012418, 0.04486976304788816, -0.12618005675861665, 0.5644612299073415, -0.028454298133807482, -0.05431331289430954, -0.05520329085778679, -0.034968498271183354, 0.9027598488967777, 0.9176438243491338, 0.8845690978891176, -0.053107021035146626, -0.016783797010372085, -0.016783797010372078], [0.24326994237163546, -0.04373228593950025, 0.08338595409909297, -0.010091147696561657, 0.8565318416948957, 0.8905533667948973, 0.9930721831386553, 0.831170967055332, 0.8687129745202347, 0.8554824031701551, 0.413034652599111, 0.4432488258183225, 0.17166335836226046, -0.1305184832599864, -0.025393354329801353, -0.06940515171523809, 0.6355856704687437, -0.005034326300041487, -0.03228622637015809, -0.032993160767584115, -0.011612843602887515, 0.8413633054578662, 0.8672872463054784, 0.9103404267507569, -0.039736949239522666, -0.012982893691535895, -0.012982893691535902], [0.33803703701814525, -0.018334636355280147, 0.06916128917647534, -0.009565160520833615, 0.9019563760281666, 0.8941574181601943, 0.831170967055332, 0.9966235067095868, 0.9218898978451779, 0.8271904396851493, 0.4692362198548878, 0.4969317462668018, 0.25386400777180995, -0.2844435899863049, 0.22804488811820312, -0.3008653422182969, 0.43104518105427003, -0.10277575218426971, -0.12243441931908705, -0.123432072410156, -0.10693469304468452, 0.9033957853386996, 0.895491385230678, 0.8439621363673674, -0.055914689476632, -0.018256086885774483, -0.018256086885774472], [0.28815098744792494, -0.029432858486437147, 0.07636118927269958, -0.0073231886770085824, 0.9110822998163783, 0.9192550240057603, 0.8687129745202348, 0.9218898978451779, 0.9947964340703059, 0.8458838210987221, 0.4491397987020406, 0.47999468203091045, 0.20996289544371435, -0.24054965879629267, 0.13000090307421638, -0.20995159471447805, 0.5134962130200659, -0.06397594254656455, -0.08694661335423681, -0.08792003394588437, -0.06950341080084382, 0.9090964437795584, 0.9148972487382019, 0.8737899939857379, 